Unidade,Empreendimento,Nome,Gleba,Registro,Data_Aprovacao_Prefeitura,Processo_Numero,Data_Aprovacao_GRAPROHAB,Certificado_Numero_GRAPROHAB,Status,Prazo_Conclusao,Lotes_Quadra_G,Lotes_Quadra_B,Hipoteca,Numero_Registro_Hipoteca,Matricula_Registro_Hipoteca,Livro_Registro_Hipoteca,Registro_Hipoteca
F6,COLINAS DO PARAHYBA,COLINAS DO PARAHYBA,"Descrita na cláusula 1ª do Instrumento Particular de Compromisso de Compra e Venda, e Outras Avenças","Número R.04, Matrícula 8.189, Livro 2, Oficial de Registro de Imóveis de Tremembé",22 de fevereiro de 2023,1909/2022,30 de novembro de 2021,372/2018,"Livre e desembaraçado de servidões ativas ou passivas, dúvidas ou responsabilidades, impostos e taxas de quaisquer natureza.",21/02/2025,Lotes 01 ao 03,Lotes 02 ao 23,Prefeitura de Tremembé,R. 05,8.189,02,Oficial de Registro de Imóveis de Tremembé-SP
F3,Colinas do Parahyba,Colinas do Parahyba,"Descrita na cláusula 1ª do Instrumento Particular de Compromisso de Compra e Venda, e Outras Avenças","Número R.04, Matrícula 8.189, Livro 2, Oficial de Registro de Imóveis de Tremembé",22 de fevereiro de 2023,1909/2022,30 de novembro de 2021,372/2018,"Livre e desembaraçado de servidões ativas ou passivas, dúvidas ou responsabilidades, impostos e taxas de quaisquer natureza.",21/02/2025,Lotes 01 ao 03,Lotes 02 ao 23,Prefeitura de Tremembé,R. 05,8.189,02,Oficial de Registro de Imóveis de Tremembé-SP
F9,COLINAS DO PARAHYBA,COLINAS DO PARAHYBA,"Descrita na cláusula 1ª do Instrumento Particular de Compromisso de Compra e Venda, e Outras Avenças","Número R.04, Matrícula 8.189, Livro 2, Oficial de Registro de Imóveis de Tremembé",22 de fevereiro de 2023,1909/2022,30 de novembro de 2021,372/2018,"Livre e desembaraçado de servidões ativas ou passivas, dúvidas ou responsabilidades, impostos e taxas de quaisquer natureza.",21/02/2025,Lotes 01 ao 03,Lotes 02 ao 23,Prefeitura de Tremembé,R. 05,8.189,02,Oficial de Registro de Imóveis de Tremembé-SP
F10,COLINAS DO PARAHYBA,COLINAS DO PARAHYBA,"Descrita na cláusula 1ª do Instrumento Particular de Compromisso de Compra e Venda, e Outras Avenças","Número R.04, Matrícula 8.189, Livro 2, Oficial de Registro de Imóveis de Tremembé",22 de fevereiro de 2023,1909/2022,30 de novembro de 2021,372/2018,"Livre e desembaraçado de servidões ativas ou passivas, dúvidas ou responsabilidades, impostos e taxas de quaisquer natureza.",21/02/2025,Lotes 01 ao 03,Lotes 02 ao 23,Prefeitura de Tremembé,R. 05,8.189,02,Oficial de Registro de Imóveis de Tremembé-SP
F11,COLINAS DO PARAHYBA,COLINAS DO PARAHYBA,"Descrita na cláusula 1ª do Instrumento Particular de Compromisso de Compra e Venda, e Outras Avenças","Número R.04, Matrícula 8.189, Livro 2, Oficial de Registro de Imóveis de Tremembé",22 de fevereiro de 2023,1909/2022,30 de novembro de 2021,372/2018,"Livre e desembaraçado de servidões ativas ou passivas, dúvidas ou responsabilidades, impostos e taxas de quaisquer natureza.",21/02/2025,Lotes 01 ao 03,Lotes 02 ao 23,Prefeitura de Tremembé,R. 05,8.189,02,Oficial de Registro de Imóveis de Tremembé-SP
F12,COLINAS DO PARAHYBA,COLINAS DO PARAHYBA,"Descrita na cláusula 1ª do Instrumento Particular de Compromisso de Compra e Venda, e Outras Avenças","Número R.04, Matrícula 8.189, Livro 2, Oficial de Registro de Imóveis de Tremembé",22 de fevereiro de 2023,1909/2022,30 de novembro de 2021,372/2018,"Livre e desembaraçado de servidões ativas ou passivas, dúvidas ou responsabilidades, impostos e taxas de quaisquer natureza.",21/02/2025,Lotes 01 ao 03,Lotes 02 ao 23,Prefeitura de Tremembé,R. 05,8.189,02,Oficial de Registro de Imóveis de Tremembé-SP
F13,COLINAS DO PARAHYBA,COLINAS DO PARAHYBA,"Descrita na cláusula 1ª do Instrumento Particular de Compromisso de Compra e Venda, e Outras Avenças","Número R.04, Matrícula 8.189, Livro 2, Oficial de Registro de Imóveis de Tremembé",22 de fevereiro de 2023,1909/2022,30 de novembro de 2021,372/2018,"Livre e desembaraçado de servidões ativas ou passivas, dúvidas ou responsabilidades, impostos e taxas de quaisquer natureza.",21/02/2025,Lotes 01 ao 03,Lotes 02 ao 23,Prefeitura de Tremembé,R. 05,8.189,02,Oficial de Registro de Imóveis de Tremembé-SP
F14,COLINAS DO PARAHYBA,COLINAS DO PARAHYBA,"Descrita na cláusula 1ª do Instrumento Particular de Compromisso de Compra e Venda, e Outras Avenças","Número R.04, Matrícula 8.189, Livro 2, Oficial de Registro de Imóveis de Tremembé",22 de fevereiro de 2023,1909/2022,30 de novembro de 2021,372/2018,"Livre e desembaraçado de servidões ativas ou passivas, dúvidas ou responsabilidades, impostos e taxas de quaisquer natureza.",21/02/2025,Lotes 01 ao 03,Lotes 02 ao 23,Prefeitura de Tremembé,R. 05,8.189,02,Oficial de Registro de Imóveis de Tremembé-SP
