Unidade,Empreendimento,Impontualidade,Penalidade_Atualizacao_Descricao,Penalidade_Taxa_Condicao,Penalidade_Multa_Condicao,Condicao_Negociacao,Condicao_Negociacao_Alteracao_Multa
F6,COLINAS DO PARAHYBA,No pagamento de qualquer das prestações referidas em Condicoes de Venda e Pagamento.,"Pro rata die no período entre a data de vencimento e a data do pagamento efetivo, com base no sistema de reajuste e correção estabelecido.",juros de 1% (um por cento) ao mês e multa de 2% (dois por cento) sobre o valor das prestações em atraso,só será exigível nos casos de intervenção judicial ou de mora superior a 03 (três) meses,Caso o COMPRADOR negocie com a VENDEDORA o preço do imóvel na forma de pagamento como parcelas fixas e/ou reajuste apenas pelo adicional da inflação mensal,Altera-se a multa de 2% para 10%
F3,Colinas do Parahyba,No pagamento de qualquer das prestações referidas em Condicoes de Venda e Pagamento.,"Pro rata die no período entre a data de vencimento e a data do pagamento efetivo, com base no sistema de reajuste e correção estabelecido.",juros de 1% (um por cento) ao mês e multa de 2% (dois por cento) sobre o valor das prestações em atraso,só será exigível nos casos de intervenção judicial ou de mora superior a 03 (três) meses,Caso o COMPRADOR negocie com a VENDEDORA o preço do imóvel na forma de pagamento como parcelas fixas e/ou reajuste apenas pelo adicional da inflação mensal,Altera-se a multa de 2% para 10%
F9,COLINAS DO PARAHYBA,No pagamento de qualquer das prestações referidas em Condicoes de Venda e Pagamento.,"Pro rata die no período entre a data de vencimento e a data do pagamento efetivo, com base no sistema de reajuste e correção estabelecido.",juros de 1% (um por cento) ao mês e multa de 2% (dois por cento) sobre o valor das prestações em atraso,só será exigível nos casos de intervenção judicial ou de mora superior a 03 (três) meses,Caso o COMPRADOR negocie com a VENDEDORA o preço do imóvel na forma de pagamento como parcelas fixas e/ou reajuste apenas pelo adicional da inflação mensal,Altera-se a multa de 2% para 10%
F10,COLINAS DO PARAHYBA,No pagamento de qualquer das prestações referidas em Condicoes de Venda e Pagamento.,"Pro rata die no período entre a data de vencimento e a data do pagamento efetivo, com base no sistema de reajuste e correção estabelecido.",juros de 1% (um por cento) ao mês e multa de 2% (dois por cento) sobre o valor das prestações em atraso,só será exigível nos casos de intervenção judicial ou de mora superior a 03 (três) meses,Caso o COMPRADOR negocie com a VENDEDORA o preço do imóvel na forma de pagamento como parcelas fixas e/ou reajuste apenas pelo adicional da inflação mensal,Altera-se a multa de 2% para 10%
F11,COLINAS DO PARAHYBA,Na cobrança do valor corrigido e atualizado até a data do efetivo pagamento.,Atualização 'pro rata die' no período decorrido entre a data de vencimento e a data do efetivo pagamento.,juros de 1% (um por cento) ao mês e multa de 2% (dois por cento) sobre o valor das prestações em atraso,só será exigível nos casos de intervenção judicial ou de mora superior a 03 (três) meses,Caso o COMPRADOR negocie com a VENDEDORA o preço do imóvel na forma de pagamento como parcelas fixas e/ou reajuste apenas pelo adicional da inflação mensal,Altera-se a multa de 2% para 10%
F12,COLINAS DO PARAHYBA,No pagamento de qualquer das prestações referidas em Condicoes de Venda e Pagamento.,"Pro rata die no período entre a data de vencimento e a data do pagamento efetivo, com base no sistema de reajuste e correção estabelecido.",juros de 1% (um por cento) ao mês e multa de 2% (dois por cento) sobre o valor das prestações em atraso,só será exigível nos casos de intervenção judicial ou de mora superior a 03 (três) meses,Caso o COMPRADOR negocie com a VENDEDORA o preço do imóvel na forma de pagamento como parcelas fixas e/ou reajuste apenas pelo adicional da inflação mensal,Altera-se a multa de 2% para 10%
F13,COLINAS DO PARAHYBA,No pagamento de qualquer das prestações referidas em Condicoes de Venda e Pagamento.,"Pro rata die no período entre a data de vencimento e a data do pagamento efetivo, com base no sistema de reajuste e correção estabelecido.",juros de 1% (um por cento) ao mês e multa de 2% (dois por cento) sobre o valor das prestações em atraso,só será exigível nos casos de intervenção judicial ou de mora superior a 03 (três) meses,Caso o COMPRADOR negocie com a VENDEDORA o preço do imóvel na forma de pagamento como parcelas fixas e/ou reajuste apenas pelo adicional da inflação mensal,Altera-se a multa de 2% para 10%
F14,COLINAS DO PARAHYBA,No pagamento de qualquer das prestações referidas em Condições de Venda e Pagamento.,"Pro rata die no período entre a data de vencimento e a data do pagamento efetivo, com base no sistema de reajuste e correção estabelecido.",juros de 1% (um por cento) ao mês e multa de 2% (dois por cento) sobre o valor das prestações em atraso,só será exigível nos casos de intervenção judicial ou de mora superior a 03 (três) meses,Caso o COMPRADOR negocie com a VENDEDORA o preço do imóvel na forma de pagamento como parcelas fixas e/ou reajuste apenas pelo adicional da inflação mensal,Altera-se a multa de 2% para 10%
