Unidade,Empreendimento,Nome_Vendedora,CNPJ_Vendedora,Endereco_Vendedora,Registro_JUCESP,Representacao
F6,COLINAS DO PARAHYBA,VECE INCORPORADORA LTDA,08.979.115/0001-81,"Avenida Alfredo Ignácio Nogueira Penido, 255, Sala 1402, Parque Residencial Aquarius, São José dos Campos, SP, 12246-000","{'Numero': '35221473300', 'Data_Sessao': '17/07/2007'}",Representada nos termos de seu contrato social por seus procuradores.
F3,Colinas do Parahyba,VECE INCORPORADORA LTDA,08.979.115/0001-81,"Avenida Alfredo Ignácio Nogueira Penido, 255, Sala 1402, Parque Residencial Aquarius, São José dos Campos, SP, 12246-000","{'Numero': '35221473300', 'Data_Sessao': '17/07/2007'}",Representada nos termos de seu contrato social por seus procuradores.
F9,COLINAS DO PARAHYBA,VECE INCORPORADORA LTDA,08.979.115/0001-81,"Avenida Alfredo Ignácio Nogueira Penido, 255, sala 1.402 – Parque Residencial Aquarius, São José dos Campos, SP, 12246-000","{'Numero': '35221473300', 'Data_Sessao': '17/07/2007'}",Representada nos termos de seu contrato social por seus procuradores.
F10,COLINAS DO PARAHYBA,VECE INCORPORADORA LTDA,08.979.115/0001-81,"Avenida Alfredo Ignácio Nogueira Penido, 255, Sala 1402, Parque Residencial Aquarius, São José dos Campos, SP, 12246-000","{'Numero': '35221473300', 'Data_Sessao': '17/07/2007'}",Representada nos termos de seu contrato social por seus procuradores.
F11,COLINAS DO PARAHYBA,VECE INCORPORADORA LTDA,08.979.115/0001-81,"Avenida Alfredo Ignácio Nogueira Penido, 255, sala 1.402, Parque Residencial Aquarius, São José dos Campos, SP, 12246-000","{'Numero': '35221473300', 'Data_Sessao': '17/07/2007'}",Neste ato representada nos termos de seu contrato social por seus procuradores.
F12,COLINAS DO PARAHYBA,VECE INCORPORADORA LTDA,08.979.115/0001-81,"Avenida Alfredo Ignácio Nogueira Penido, 255, sala 1.402, Parque Residencial Aquarius, São José dos Campos, SP, 12246-000","{'Numero': '35221473300', 'Data_Sessao': '17/07/2007'}",Representada nos termos de seu contrato social por seus procuradores.
F13,COLINAS DO PARAHYBA,VECE INCORPORADORA LTDA,08.979.115/0001-81,"Avenida Alfredo Ignácio Nogueira Penido, 255, Sala 1402, Parque Residencial Aquarius, São José dos Campos, SP, 12246-000","{'Numero': '35221473300', 'Data_Sessao': '17/07/2007'}",Representada nos termos de seu contrato social por seus procuradores.
F14,COLINAS DO PARAHYBA,VECE INCORPORADORA LTDA,08.979.115/0001-81,"Avenida Alfredo Ignácio Nogueira Penido, 255, sala 1.402, Parque Residencial Aquarius, São José dos Campos, SP, 12246-000","{'Numero': '35221473300', 'Data_Sessao': '17/07/2007'}",Representada nos termos de seu contrato social por seus procuradores.
