Unidade,Empreendimento,Descricao,Area,Localizacao,Registro_do_Imovel,Cadastro_Prefeitura
F6,COLINAS DO PARAHYBA,"Uma gleba de terras, sem benfeitorias","84.848,21 metros quadrados","Avenida Agostinho Manfredini, Bairro do Guedes, Tremembé, SP","Matrícula nº 8.189, no Oficial de Registro de Imóveis da Comarca de Tremembé-SP",Inscrição Imobiliária nº 0119.0137
F3,Colinas do Parahyba,"Uma gleba de terras, sem benfeitorias","84.848,21 metros quadrados","Avenida Agostinho Manfredini, Guedes, Tremembé, SP","Matrícula nº 8.189, no Oficial de Registro de Imóveis da Comarca de Tremembé-SP",Inscrição Imobiliária nº 0119.0137
F9,COLINAS DO PARAHYBA,"Uma gleba de terras, sem benfeitorias","84.848,21 metros quadrados","Avenida Agostinho Manfredini, Bairro do Guedes da Cidade e Comarca de Tremembé - SP","Matrícula nº 8.189, no Oficial de Registro de Imóveis da Comarca de Tremembé-SP",Inscrição Imobiliária nº 0119.0137
F10,COLINAS DO PARAHYBA,"Uma gleba de terras, sem benfeitorias","84.848,21 metros quadrados","Avenida Agostinho Manfredini, Bairro do Guedes da Cidade e Comarca de Tremembé - SP","Matrícula nº 8.189, no Oficial de Registro de Imóveis da Comarca de Tremembé-SP",Inscrição Imobiliária nº 0119.0137
F11,COLINAS DO PARAHYBA,"UMA GLEBA DE TERRAS, sem benfeitorias","84.848,21 metros quadrados","Avenida Agostinho Manfredini, Bairro do Guedes, Tremembé, SP","Matrícula nº 8.189, no Oficial de Registro de Imóveis da Comarca de Tremembé-SP",Inscrição Imobiliária nº 0119.0137
F12,COLINAS DO PARAHYBA,"Uma gleba de terras, sem benfeitorias","84.848,21 metros quadrados","Avenida Agostinho Manfredini, Bairro do Guedes, Tremembé, SP","Matrícula nº 8.189, no Oficial de Registro de Imóveis da Comarca de Tremembé-SP",Inscrição Imobiliária nº 0119.0137
F13,COLINAS DO PARAHYBA,"Uma gleba de terras, sem benfeitorias","84.848,21 metros quadrados","Avenida Agostinho Manfredini, Guedes, Tremembé, SP","Matrícula nº 8.189, no Oficial de Registro de Imóveis da Comarca de Tremembé-SP",Inscrição Imobiliária nº 0119.0137
F14,COLINAS DO PARAHYBA,"Uma gleba de terras, sem benfeitorias","84.848,21 metros quadrados","Avenida Agostinho Manfredini, Bairro do Guedes, Tremembé - SP","Matrícula nº 8.189, no Oficial de Registro de Imóveis da Comarca de Tremembé-SP",Inscrição Imobiliária nº 0119.0137
