Unidade,Empreendimento,Quadra,Lote,Frente_Descricao,Frente_Comprimento,Lado_Direito_Descricao,Lado_Direito_Comprimento,Lado_Direito_Confrontante,Lado_Esquerdo_Comprimento,Lado_Esquerdo_Confrontante,Fundos_Comprimento,Fundos_Confrontante,Area_Total,Matricula_Registro_Imoveis
F6,COLINAS DO PARAHYBA,F,06,Para a Rua 04,"10,00m",Quem da Rua 04 o terreno olha,"25,00m",Lote 05,"25,00m",Lote 07,"10,00m",Lote 39,"250,00m²",12904
F3,Colinas do Parahyba,F,03,Para a Rua 04,"10,00m",Quem da Rua 04 o terreno olha,"25,00m",Lote 02,"25,00m",Lote 04,"10,00m",Lote 42,"250,00m²",12901
F9,COLINAS DO PARAHYBA,F,09,Para a Rua 04,"10,00m",Quem da Rua 04 o terreno olha,"25,00m",Lote 08,"25,00m",Lote 10,"10,00m",Lote 36,"250,00m²",12907
F10,COLINAS DO PARAHYBA,F,10,Para a Rua 04,"10,00m",Quem da Rua 04 o terreno olha,"25,00m",Lote 09,"25,00m",Lote 11,"10,00m",Lote 35,"250,00m²",12908
F11,COLINAS DO PARAHYBA,F,11,Mede de frente para a Rua 04,"10,00m",de quem da Rua 04 o terreno olha,"25,00m",lote 10,"25,00m",lote 12,"10,00m",lote 34,"250,00m²",12909
F12,COLINAS DO PARAHYBA,F,12,Frente para a Rua 04,"10,00m",Quem da Rua 04 o terreno olha,"25,00m",Lote 11,"25,00m",Lote 13,"10,00m",Lote 33,"250,00m²",12910
F13,COLINAS DO PARAHYBA,F,13,Para a Rua 04,"10,00m",Quem da Rua 04 o terreno olha,"25,00m",Lote 12,"25,00m",Lote 14,"10,00m",Lote 32,"250,00m²",12911
F14,COLINAS DO PARAHYBA,F,14,Para a Rua 04,"10,00m",Quem da Rua 04 o terreno olha,"25,00m",Lote 13,"25,00m",Lote 15,"10,00m",Lote 31,"250,00m²",12912
